it,cur,best,temp,d1,d2,d3,d4,r1,r2,r3,noise1,noise2
0,2738.517935957574,2738.517935957574,197.54231227957362,0.0,0.0,0.0,0.0,0.0,0.0,0.0,0.0,0.0
1,2738.517935957574,2738.517935957574,196.76206653812514,1.0,1.0,1.0,1.0,1.0,1.0,1.0,1.0,1.0
2,2665.0483313685627,2738.517935957574,195.98490258411766,1.0,1.0,1.0,1.0,1.0,1.0,1.0,1.0,1.0
5,2650.05654586427,2665.0483313685627,193.6717799635742,1.0,1.0,1.0,1.0,1.0,1.0,1.0,1.0,1.0
6,2528.2080986378132,2650.05654586427,192.90682191579424,1.0,1.0,1.0,1.0,1.0,1.0,1.0,1.0,1.0
7,2434.1074270752642,2528.2080986378132,192.14488527265553,1.0,1.0,1.0,1.0,1.0,1.0,1.0,1.0,1.0
8,2360.204630604563,2434.1074270752642,191.3859581003193,1.0,1.0,1.0,1.0,1.0,1.0,1.0,1.0,1.0
10,2354.3080026427406,2360.204630604563,189.8770846681924,1.21,1.056,1.155,1.21,1.21,0.99,1.155,1.155,1.188
11,2324.2672970609883,2354.3080026427406,189.12711477565952,1.21,1.056,1.155,1.21,1.21,0.99,1.155,1.155,1.188
12,2273.6038258040508,2324.2672970609883,188.3801070880746,1.21,1.056,1.155,1.21,1.21,0.99,1.155,1.155,1.188
13,2237.994897297404,2273.6038258040508,187.63604990542373,1.21,1.056,1.155,1.21,1.21,0.99,1.155,1.155,1.188
16,2210.0294263258797,2237.994897297404,185.42146507902683,1.21,1.056,1.155,1.21,1.21,0.99,1.155,1.155,1.188
17,2152.691397497523,2210.0294263258797,184.68909383748596,1.21,1.056,1.155,1.21,1.21,0.99,1.155,1.155,1.188
20,2129.4700261853527,2152.691397497523,182.5092906225939,1.3629,1.0454400000000001,1.4734500000000001,1.5279,1.3629,1.1451,1.4734500000000001,1.3084500000000001,1.50612
22,2083.9259205188337,2129.4700261853527,181.07040021250222,1.3629,1.0454400000000001,1.4734500000000001,1.5279,1.3629,1.1451,1.4734500000000001,1.3084500000000001,1.50612
23,2031.5600454203357,2083.9259205188337,180.3552146553532,1.3629,1.0454400000000001,1.4734500000000001,1.5279,1.3629,1.1451,1.4734500000000001,1.3084500000000001,1.50612
25,2024.583469137245,2031.5600454203357,178.9333068286757,1.3629,1.0454400000000001,1.4734500000000001,1.5279,1.3629,1.1451,1.4734500000000001,1.3084500000000001,1.50612
26,2040.9704199494863,2024.583469137245,178.2265622885046,1.3629,1.0454400000000001,1.4734500000000001,1.5279,1.3629,1.1451,1.4734500000000001,1.3084500000000001,1.50612
27,2039.7920612705357,2024.583469137245,177.52260922329089,1.3629,1.0454400000000001,1.4734500000000001,1.5279,1.3629,1.1451,1.4734500000000001,1.3084500000000001,1.50612
28,1978.4645726812662,2024.583469137245,176.8214366073641,1.3629,1.0454400000000001,1.4734500000000001,1.5279,1.3629,1.1451,1.4734500000000001,1.3084500000000001,1.50612
29,1977.5685335904982,1978.4645726812662,176.12303345860252,1.3629,1.0454400000000001,1.4734500000000001,1.5279,1.3629,1.1451,1.4734500000000001,1.3084500000000001,1.50612
30,1951.2179377171117,1977.5685335904982,175.42738883826124,1.514271,1.1999856000000002,1.7887155000000001,1.780621,1.679271,1.403649,1.6307155,1.6036988333333335,1.6110588
31,1928.0907356683992,1951.2179377171117,174.73449185080082,1.514271,1.1999856000000002,1.7887155000000001,1.780621,1.679271,1.403649,1.6307155,1.6036988333333335,1.6110588
32,1852.9333494501911,1928.0907356683992,174.04433164371667,1.514271,1.1999856000000002,1.7887155000000001,1.780621,1.679271,1.403649,1.6307155,1.6036988333333335,1.6110588
34,1785.494543664274,1852.9333494501911,172.67217837481365,1.514271,1.1999856000000002,1.7887155000000001,1.780621,1.679271,1.403649,1.6307155,1.6036988333333335,1.6110588
36,1780.335061501518,1785.494543664274,171.31084306576938,1.514271,1.1999856000000002,1.7887155000000001,1.780621,1.679271,1.403649,1.6307155,1.6036988333333335,1.6110588
37,1764.4528851619582,1780.335061501518,170.6342054673553,1.514271,1.1999856000000002,1.7887155000000001,1.780621,1.679271,1.403649,1.6307155,1.6036988333333335,1.6110588
38,1731.004091205465,1764.4528851619582,169.96024042854918,1.514271,1.1999856000000002,1.7887155000000001,1.780621,1.679271,1.403649,1.6307155,1.6036988333333335,1.6110588
39,1664.3913308682454,1731.004091205465,169.28893739336826,1.514271,1.1999856000000002,1.7887155000000001,1.780621,1.679271,1.403649,1.6307155,1.6036988333333335,1.6110588
40,1639.4538115028113,1664.3913308682454,168.62028584752335,1.7631282899999998,1.1999856000000002,2.034828345,1.780621,1.82747829,1.71961251,1.889408345,1.8351618450000002,1.8699482119999997
41,1614.3851711966704,1639.4538115028113,167.95427531825428,1.7631282899999998,1.1999856000000002,2.034828345,1.780621,1.82747829,1.71961251,1.889408345,1.8351618450000002,1.8699482119999997
42,1564.1688295042443,1614.3851711966704,167.29089537416579,1.7631282899999998,1.1999856000000002,2.034828345,1.780621,1.82747829,1.71961251,1.889408345,1.8351618450000002,1.8699482119999997
43,1550.6623047290323,1564.1688295042443,166.6301356250642,1.7631282899999998,1.1999856000000002,2.034828345,1.780621,1.82747829,1.71961251,1.889408345,1.8351618450000002,1.8699482119999997
44,1545.038987871141,1550.6623047290323,165.97198572179468,1.7631282899999998,1.1999856000000002,2.034828345,1.780621,1.82747829,1.71961251,1.889408345,1.8351618450000002,1.8699482119999997
45,1534.673156824985,1545.038987871141,165.3164353560791,1.7631282899999998,1.1999856000000002,2.034828345,1.780621,1.82747829,1.71961251,1.889408345,1.8351618450000002,1.8699482119999997
46,1524.9974698680617,1534.673156824985,164.66347426035458,1.7631282899999998,1.1999856000000002,2.034828345,1.780621,1.82747829,1.71961251,1.889408345,1.8351618450000002,1.8699482119999997
47,1489.751489564623,1524.9974698680617,164.01309220761277,1.7631282899999998,1.1999856000000002,2.034828345,1.780621,1.82747829,1.71961251,1.889408345,1.8351618450000002,1.8699482119999997
49,1497.3623670154145,1489.751489564623,162.72002452485555,1.7631282899999998,1.1999856000000002,2.034828345,1.780621,1.82747829,1.71961251,1.889408345,1.8351618450000002,1.8699482119999997
50,1498.965571740877,1489.751489564623,162.07731864215722,2.0754970070999996,1.1999856000000002,2.34448006155,2.00781479,2.066346364242857,2.0324163849,2.20051426155,2.14681022655,2.108391587022857
51,1496.053209781928,1489.751489564623,161.43715129675854,2.0754970070999996,1.1999856000000002,2.34448006155,2.00781479,2.066346364242857,2.0324163849,2.20051426155,2.14681022655,2.108391587022857
52,1476.6801003209546,1489.751489564623,160.79951246203333,2.0754970070999996,1.1999856000000002,2.34448006155,2.00781479,2.066346364242857,2.0324163849,2.20051426155,2.14681022655,2.108391587022857
54,1466.2496789327515,1476.6801003209546,159.53178041595635,2.0754970070999996,1.1999856000000002,2.34448006155,2.00781479,2.066346364242857,2.0324163849,2.20051426155,2.14681022655,2.108391587022857
55,1461.052032827732,1466.2496789327515,158.90166734874126,2.0754970070999996,1.1999856000000002,2.34448006155,2.00781479,2.066346364242857,2.0324163849,2.20051426155,2.14681022655,2.108391587022857
59,1400.439019556673,1461.052032827732,156.40600495851916,2.0754970070999996,1.1999856000000002,2.34448006155,2.00781479,2.066346364242857,2.0324163849,2.20051426155,2.14681022655,2.108391587022857
60,1399.6426135784486,1400.439019556673,155.78823797028454,2.2572420370289996,1.5179857440000002,2.4977019276011667,1.9877366420999998,2.095682900600428,2.210425554384333,2.5085091189345,2.2078421242845,2.3106410044859618
61,1399.6426135784484,1399.6426135784486,155.17291101657324,2.2572420370289996,1.5179857440000002,2.4977019276011667,1.9877366420999998,2.095682900600428,2.210425554384333,2.5085091189345,2.2078421242845,2.3106410044859618
65,1394.252519158718,1399.6426135784484,152.73581136578466,2.2572420370289996,1.5179857440000002,2.4977019276011667,1.9877366420999998,2.095682900600428,2.210425554384333,2.5085091189345,2.2078421242845,2.3106410044859618
66,1391.7386495609155,1394.252519158718,152.13254078031042,2.2572420370289996,1.5179857440000002,2.4977019276011667,1.9877366420999998,2.095682900600428,2.210425554384333,2.5085091189345,2.2078421242845,2.3106410044859618
69,1382.1049240196755,1391.7386495609155,150.33698807824115,2.2572420370289996,1.5179857440000002,2.4977019276011667,1.9877366420999998,2.095682900600428,2.210425554384333,2.5085091189345,2.2078421242845,2.3106410044859618
70,1381.610409910095,1382.1049240196755,149.74319228139825,2.5646696166587097,1.6128058865600003,2.670724908325155,1.9678592756789999,2.239726071594424,2.5183212988404895,2.593424027745155,2.317763703041655,2.485534594441102
74,1408.8857597118724,1381.610409910095,147.39137018032298,2.5646696166587097,1.6128058865600003,2.670724908325155,1.9678592756789999,2.239726071594424,2.5183212988404895,2.593424027745155,2.317763703041655,2.485534594441102
75,1394.8299539411848,1381.610409910095,146.80920888240976,2.5646696166587097,1.6128058865600003,2.670724908325155,1.9678592756789999,2.239726071594424,2.5183212988404895,2.593424027745155,2.317763703041655,2.485534594441102
76,1379.8022815776164,1381.610409910095,146.22934698490496,2.5646696166587097,1.6128058865600003,2.670724908325155,1.9678592756789999,2.239726071594424,2.5183212988404895,2.593424027745155,2.317763703041655,2.485534594441102
79,1362.1863799357513,1379.8022815776164,144.50346705314388,2.5646696166587097,1.6128058865600003,2.670724908325155,1.9678592756789999,2.239726071594424,2.5183212988404895,2.593424027745155,2.317763703041655,2.485534594441102
81,1361.588051359218,1362.1863799357513,143.36421188285377,2.7040229204921227,1.7026778276944003,2.884017659241904,1.94818068292221,2.239726071594424,2.636471419185418,2.6874897874677033,2.4145860660112386,2.6040125818300246
82,1359.2903820839904,1361.588051359218,142.79795691445284,2.7040229204921227,1.7026778276944003,2.884017659241904,1.94818068292221,2.239726071594424,2.636471419185418,2.6874897874677033,2.4145860660112386,2.6040125818300246
83,1355.9267415846036,1359.2903820839904,142.2339385201943,2.7040229204921227,1.7026778276944003,2.884017659241904,1.94818068292221,2.239726071594424,2.636471419185418,2.6874897874677033,2.4145860660112386,2.6040125818300246
86,1349.4183139227046,1355.9267415846036,140.55521461716893,2.7040229204921227,1.7026778276944003,2.884017659241904,1.94818068292221,2.239726071594424,2.636471419185418,2.6874897874677033,2.4145860660112386,2.6040125818300246
87,1349.154487407636,1349.4183139227046,140.0000545282852,2.7040229204921227,1.7026778276944003,2.884017659241904,1.94818068292221,2.239726071594424,2.636471419185418,2.6874897874677033,2.4145860660112386,2.6040125818300246
90,1366.6527592996397,1349.154487407636,138.34769616426425,2.7869826912872013,1.6856510494174564,3.1851774826494847,2.148698876092988,2.5473288108784797,2.7515352764221355,2.825614889593026,2.6104402053511264,2.7194010274402958
92,1363.7355218299379,1349.154487407636,137.2569726586829,2.7869826912872013,1.6856510494174564,3.1851774826494847,2.148698876092988,2.5473288108784797,2.7515352764221355,2.825614889593026,2.6104402053511264,2.7194010274402958
93,1363.2238850956708,1349.154487407636,136.7148398509557,2.7869826912872013,1.6856510494174564,3.1851774826494847,2.148698876092988,2.5473288108784797,2.7515352764221355,2.825614889593026,2.6104402053511264,2.7194010274402958
94,1373.8828128860785,1349.154487407636,136.17484834050123,2.7869826912872013,1.6856510494174564,3.1851774826494847,2.148698876092988,2.5473288108784797,2.7515352764221355,2.825614889593026,2.6104402053511264,2.7194010274402958
96,1375.1135310090701,1349.154487407636,135.10125541433058,2.7869826912872013,1.6856510494174564,3.1851774826494847,2.148698876092988,2.5473288108784797,2.7515352764221355,2.825614889593026,2.6104402053511264,2.7194010274402958
98,1376.3597611755647,1349.154487407636,134.03612661927644,2.7869826912872013,1.6856510494174564,3.1851774826494847,2.148698876092988,2.5473288108784797,2.7515352764221355,2.825614889593026,2.6104402053511264,2.7194010274402958
99,1382.9310214417321,1349.154487407636,133.50671539700153,2.7869826912872013,1.6856510494174564,3.1851774826494847,2.148698876092988,2.5473288108784797,2.7515352764221355,2.825614889593026,2.6104402053511264,2.7194010274402958
101,1392.0292041924256,1349.154487407636,132.45415784328867,2.8341128643743296,1.6856510494174564,3.2833257078229896,2.2438785539987247,2.621855522769695,2.924019923657914,2.9056920740304295,2.6343358032976147,2.8350641600230357
104,1386.6776721193494,1349.154487407636,130.89086034101882,2.8341128643743296,1.6856510494174564,3.2833257078229896,2.2438785539987247,2.621855522769695,2.924019923657914,2.9056920740304295,2.6343358032976147,2.8350641600230357
106,1386.6366675424836,1349.154487407636,129.85892600457564,2.8341128643743296,1.6856510494174564,3.2833257078229896,2.2438785539987247,2.621855522769695,2.924019923657914,2.9056920740304295,2.6343358032976147,2.8350641600230357
108,1387.5924347678554,1349.154487407636,128.8351273658577,2.8341128643743296,1.6856510494174564,3.2833257078229896,2.2438785539987247,2.621855522769695,2.924019923657914,2.9056920740304295,2.6343358032976147,2.8350641600230357
109,1379.419432329578,1349.154487407636,128.32625886919902,2.8341128643743296,1.6856510494174564,3.2833257078229896,2.2438785539987247,2.621855522769695,2.924019923657914,2.9056920740304295,2.6343358032976147,2.8350641600230357
111,1379.9579250818972,1349.154487407636,127.31454367037298,2.855771735730586,1.6856510494174564,3.3504924507447598,2.331439768458737,2.712303634208665,2.961446391088002,2.9641351532901252,2.6954924452646383,2.9067135184228055
112,1405.767781190418,1349.154487407636,126.81168112220823,2.855771735730586,1.6856510494174564,3.3504924507447598,2.331439768458737,2.712303634208665,2.961446391088002,2.9641351532901252,2.6954924452646383,2.9067135184228055
114,1405.4708485222684,1349.154487407636,125.81190674780845,2.855771735730586,1.6856510494174564,3.3504924507447598,2.331439768458737,2.712303634208665,2.961446391088002,2.9641351532901252,2.6954924452646383,2.9067135184228055
115,1395.437241392657,1349.154487407636,125.3149792625993,2.855771735730586,1.6856510494174564,3.3504924507447598,2.331439768458737,2.712303634208665,2.961446391088002,2.9641351532901252,2.6954924452646383,2.9067135184228055
117,1395.412458605473,1349.154487407636,124.32700478038699,2.855771735730586,1.6856510494174564,3.3504924507447598,2.331439768458737,2.712303634208665,2.961446391088002,2.9641351532901252,2.6954924452646383,2.9067135184228055
118,1381.7370945094951,1349.154487407636,123.8359423092256,2.855771735730586,1.6856510494174564,3.3504924507447598,2.331439768458737,2.712303634208665,2.961446391088002,2.9641351532901252,2.6954924452646383,2.9067135184228055
123,1365.7420457084083,1349.154487407636,121.40957091031359,2.9272140183732804,1.768794538923282,3.416987526237312,2.5081253707741498,2.868513931199912,3.0651652605104553,2.971993801757224,2.726870854145325,3.0651463832385772
125,1351.4712818185733,1349.154487407636,120.45238639285554,2.9272140183732804,1.768794538923282,3.416987526237312,2.5081253707741498,2.868513931199912,3.0651652605104553,2.971993801757224,2.726870854145325,3.0651463832385772
126,1359.6962352408002,1349.154487407636,119.97662775438562,2.9272140183732804,1.768794538923282,3.416987526237312,2.5081253707741498,2.868513931199912,3.0651652605104553,2.971993801757224,2.726870854145325,3.0651463832385772
127,1352.637017319951,1349.154487407636,119.50274825080754,2.9272140183732804,1.768794538923282,3.416987526237312,2.5081253707741498,2.868513931199912,3.0651652605104553,2.971993801757224,2.726870854145325,3.0651463832385772
128,1333.9158964902733,1349.154487407636,119.03074045997981,2.9272140183732804,1.768794538923282,3.416987526237312,2.5081253707741498,2.868513931199912,3.0651652605104553,2.971993801757224,2.726870854145325,3.0651463832385772
132,1315.0320244545817,1333.9158964902733,117.16127900496373,3.097941878189548,2.016106593534049,3.382817650974939,2.5580441170664083,2.919828791887913,3.299513607905351,2.9922738637396518,2.835602145603872,3.1144949194061917
135,1313.404457845969,1315.0320244545817,115.77847654852519,3.097941878189548,2.016106593534049,3.382817650974939,2.5580441170664083,2.919828791887913,3.299513607905351,2.9922738637396518,2.835602145603872,3.1144949194061917
140,1309.6168459506669,1313.404457845969,113.50997857557427,3.066962459407652,2.016106593534049,3.4589894744651897,2.614963675895744,2.9566305039690337,3.3490184718262976,2.962351125102255,2.862246124147833,3.16584997021213
142,1279.5591801060034,1309.6168459506669,112.61507388844876,3.066962459407652,2.016106593534049,3.4589894744651897,2.614963675895744,2.9566305039690337,3.3490184718262976,2.962351125102255,2.862246124147833,3.16584997021213
145,1282.2357634106017,1279.5591801060034,111.28592826860317,3.066962459407652,2.016106593534049,3.4589894744651897,2.614963675895744,2.9566305039690337,3.3490184718262976,2.962351125102255,2.862246124147833,3.16584997021213
146,1323.436568129009,1279.5591801060034,110.84637498701643,3.066962459407652,2.016106593534049,3.4589894744651897,2.614963675895744,2.9566305039690337,3.3490184718262976,2.962351125102255,2.862246124147833,3.16584997021213
150,1324.225208669919,1279.5591801060034,109.10545474518901,3.0912928348135758,2.3259455275987087,3.5743995797205375,2.663814039136787,3.1470641989293435,3.3155282871080347,3.007727613851233,2.916123662906355,3.2391914705100087
151,1336.5676633159342,1279.5591801060034,108.67451382194389,3.0912928348135758,2.3259455275987087,3.5743995797205375,2.663814039136787,3.1470641989293435,3.3155282871080347,3.007727613851233,2.916123662906355,3.2391914705100087
154,1338.4139738185204,1279.5591801060034,107.39187687958956,3.0912928348135758,2.3259455275987087,3.5743995797205375,2.663814039136787,3.1470641989293435,3.3155282871080347,3.007727613851233,2.916123662906355,3.2391914705100087
155,1337.17231866446,1279.5591801060034,106.96770418648636,3.0912928348135758,2.3259455275987087,3.5743995797205375,2.663814039136787,3.1470641989293435,3.3155282871080347,3.007727613851233,2.916123662906355,3.2391914705100087
157,1328.5400940203108,1279.5591801060034,106.12437833047974,3.0912928348135758,2.3259455275987087,3.5743995797205375,2.663814039136787,3.1470641989293435,3.3155282871080347,3.007727613851233,2.916123662906355,3.2391914705100087
159,1318.4314048360593,1279.5591801060034,105.28770119620476,3.0912928348135758,2.3259455275987087,3.5743995797205375,2.663814039136787,3.1470641989293435,3.3155282871080347,3.007727613851233,2.916123662906355,3.2391914705100087
160,1316.5031715445793,1279.5591801060034,104.87183950289334,3.26037990646544,2.5026860723227218,3.6136555839233324,2.687175898745419,3.26559355694005,3.4223730042369547,3.0276503377127204,2.976962426277291,3.3267995558049086
162,1313.7331189521997,1279.5591801060034,104.04503729663509,3.26037990646544,2.5026860723227218,3.6136555839233324,2.687175898745419,3.26559355694005,3.4223730042369547,3.0276503377127204,2.976962426277291,3.3267995558049086
163,1313.5006669075196,1279.5591801060034,103.63408383389209,3.26037990646544,2.5026860723227218,3.6136555839233324,2.687175898745419,3.26559355694005,3.4223730042369547,3.0276503377127204,2.976962426277291,3.3267995558049086
165,1311.5808523822943,1279.5591801060034,102.81704000626809,3.26037990646544,2.5026860723227218,3.6136555839233324,2.687175898745419,3.26559355694005,3.4223730042369547,3.0276503377127204,2.976962426277291,3.3267995558049086
166,1308.583089736242,1279.5591801060034,102.41093684443159,3.26037990646544,2.5026860723227218,3.6136555839233324,2.687175898745419,3.26559355694005,3.4223730042369547,3.0276503377127204,2.976962426277291,3.3267995558049086
171,1285.526941854322,1279.5591801060034,100.40435488234966,3.3777761074007855,2.4776592115994944,3.6575190280840992,2.687175898745419,3.299604288037316,3.468149274194585,3.1973738343355933,2.947192802014518,3.436388703104002
172,1272.3481804319163,1279.5591801060034,100.00778126014278,3.3777761074007855,2.4776592115994944,3.6575190280840992,2.687175898745419,3.299604288037316,3.468149274194585,3.1973738343355933,2.947192802014518,3.436388703104002
178,1291.442359037606,1272.3481804319163,97.66101766815719,3.3777761074007855,2.4776592115994944,3.6575190280840992,2.687175898745419,3.299604288037316,3.468149274194585,3.1973738343355933,2.947192802014518,3.436388703104002
181,1310.5368148896837,1272.3481804319163,96.5083681215088,3.3439983463267775,2.5853826194834992,3.670943837803258,2.6603041397579648,3.376608245156943,3.4334677814526393,3.252900095992237,3.050220873994373,3.427024816072962
184,1347.4797831240803,1272.3481804319163,95.36932278469881,3.3439983463267775,2.5853826194834992,3.670943837803258,2.6603041397579648,3.376608245156943,3.4334677814526393,3.252900095992237,3.050220873994373,3.427024816072962
185,1346.3994200971292,1272.3481804319163,94.99263635681963,3.3439983463267775,2.5853826194834992,3.670943837803258,2.6603041397579648,3.376608245156943,3.4334677814526393,3.252900095992237,3.050220873994373,3.427024816072962
187,1327.1961908893595,1272.3481804319163,94.24372109329038,3.3439983463267775,2.5853826194834992,3.670943837803258,2.6603041397579648,3.376608245156943,3.4334677814526393,3.252900095992237,3.050220873994373,3.427024816072962
189,1307.078178847305,1272.3481804319163,93.50071022502225,3.3439983463267775,2.5853826194834992,3.670943837803258,2.6603041397579648,3.376608245156943,3.4334677814526393,3.252900095992237,3.050220873994373,3.427024816072962
191,1304.7316001743416,1272.3481804319163,92.7635572021783,3.31055836286351,2.7595287932886645,3.7592343994252255,2.633701098360385,3.45950882937204,3.5091331036381126,3.2203710950323146,3.119718665254429,3.4594212345788993
192,1304.1309968267788,1272.3481804319163,92.397162936396,3.31055836286351,2.7595287932886645,3.7592343994252255,2.633701098360385,3.45950882937204,3.5091331036381126,3.2203710950323146,3.119718665254429,3.4594212345788993
194,1301.8571981651855,1272.3481804319163,91.66871020275526,3.31055836286351,2.7595287932886645,3.7592343994252255,2.633701098360385,3.45950882937204,3.5091331036381126,3.2203710950323146,3.119718665254429,3.4594212345788993
197,1302.8732715540116,1272.3481804319163,90.58678519541941,3.31055836286351,2.7595287932886645,3.7592343994252255,2.633701098360385,3.45950882937204,3.5091331036381126,3.2203710950323146,3.119718665254429,3.4594212345788993
199,1322.7303361594884,1272.3481804319163,89.87260535255179,3.31055836286351,2.7595287932886645,3.7592343994252255,2.633701098360385,3.45950882937204,3.5091331036381126,3.2203710950323146,3.119718665254429,3.4594212345788993
200,1315.5486159135382,1272.3481804319163,89.51762966764653,3.3941194459015414,2.731933505355778,3.7216420554309733,2.7906974207101145,3.4249137410783197,3.581184629744589,3.2631673840819917,3.1585214786018847,3.53482702223311
201,1314.9478825403382,1272.3481804319163,89.16405605333198,3.3941194459015414,2.731933505355778,3.7216420554309733,2.7906974207101145,3.4249137410783197,3.581184629744589,3.2631673840819917,3.1585214786018847,3.53482702223311
202,1313.8675195133876,1272.3481804319163,88.81187897175856,3.3941194459015414,2.731933505355778,3.7216420554309733,2.7906974207101145,3.4249137410783197,3.581184629744589,3.2631673840819917,3.1585214786018847,3.53482702223311
203,1305.5493299067277,1272.3481804319163,88.46109290694992,3.3941194459015414,2.731933505355778,3.7216420554309733,2.7906974207101145,3.4249137410783197,3.581184629744589,3.2631673840819917,3.1585214786018847,3.53482702223311
204,1305.8675195133872,1272.3481804319163,88.1116923647165,3.3941194459015414,2.731933505355778,3.7216420554309733,2.7906974207101145,3.4249137410783197,3.581184629744589,3.2631673840819917,3.1585214786018847,3.53482702223311
205,1303.7872817531882,1272.3481804319163,87.76367187256953,3.3941194459015414,2.731933505355778,3.7216420554309733,2.7906974207101145,3.4249137410783197,3.581184629744589,3.2631673840819917,3.1585214786018847,3.53482702223311
206,1300.1567650511524,1272.3481804319163,87.41702597963526,3.3941194459015414,2.731933505355778,3.7216420554309733,2.7906974207101145,3.4249137410783197,3.581184629744589,3.2631673840819917,3.1585214786018847,3.53482702223311
213,1301.04825938375,1272.3481804319163,85.02854013352857,3.460178251442526,2.9046141703022204,3.859425634876663,2.896123779836347,3.5656646036675363,3.7453727834471433,3.310535710241172,3.3186029304825326,3.5494787520107787
215,1299.0975263357325,1272.3481804319163,84.35818110377798,3.460178251442526,2.9046141703022204,3.859425634876663,2.896123779836347,3.5656646036675363,3.7453727834471433,3.310535710241172,3.3186029304825326,3.5494787520107787
216,1316.1131232499113,1272.3481804319163,84.02498609961395,3.460178251442526,2.9046141703022204,3.859425634876663,2.896123779836347,3.5656646036675363,3.7453727834471433,3.310535710241172,3.3186029304825326,3.5494787520107787
217,1313.5341287498961,1272.3481804319163,83.69310713746681,3.460178251442526,2.9046141703022204,3.859425634876663,2.896123779836347,3.5656646036675363,3.7453727834471433,3.310535710241172,3.3186029304825326,3.5494787520107787
219,1311.4747825358288,1272.3481804319163,83.03327656752667,3.460178251442526,2.9046141703022204,3.859425634876663,2.896123779836347,3.5656646036675363,3.7453727834471433,3.310535710241172,3.3186029304825326,3.5494787520107787
220,1291.361386218636,1272.3481804319163,82.70531462513209,3.4255764689281007,2.975568028599198,3.8908313785278965,3.042162542037983,3.580007957630861,3.8579190556126717,3.32743035313876,3.413988329749136,3.513983964490671
221,1290.7829124977104,1272.3481804319163,82.37864805538936,3.4255764689281007,2.975568028599198,3.8908313785278965,3.042162542037983,3.580007957630861,3.8579190556126717,3.32743035313876,3.413988329749136,3.513983964490671
222,1274.9721168379185,1272.3481804319163,82.05327174188072,3.4255764689281007,2.975568028599198,3.8908313785278965,3.042162542037983,3.580007957630861,3.8579190556126717,3.32743035313876,3.413988329749136,3.513983964490671
223,1277.0109233694986,1272.3481804319163,81.72918058839706,3.4255764689281007,2.975568028599198,3.8908313785278965,3.042162542037983,3.580007957630861,3.8579190556126717,3.32743035313876,3.413988329749136,3.513983964490671
225,1257.445337718221,1272.3481804319163,81.08483347723285,3.4255764689281007,2.975568028599198,3.8908313785278965,3.042162542037983,3.580007957630861,3.8579190556126717,3.32743035313876,3.413988329749136,3.513983964490671
229,1257.190877023769,1257.445337718221,79.81133916655055,3.4255764689281007,2.975568028599198,3.8908313785278965,3.042162542037983,3.580007957630861,3.8579190556126717,3.32743035313876,3.413988329749136,3.513983964490671
230,1243.9078439369966,1257.190877023769,79.49610312023016,3.4913207042388197,3.012479014979873,4.181923064742618,3.12840758328427,3.6442078780545524,4.001839865056545,3.4141560496073726,3.5623484464516446,3.5921774581790977
231,1246.5033257620955,1243.9078439369966,79.18211218226075,3.4913207042388197,3.012479014979873,4.181923064742618,3.12840758328427,3.6442078780545524,4.001839865056545,3.4141560496073726,3.5623484464516446,3.5921774581790977
232,1234.9910731863595,1243.9078439369966,78.86936143475675,3.4913207042388197,3.012479014979873,4.181923064742618,3.12840758328427,3.6442078780545524,4.001839865056545,3.4141560496073726,3.5623484464516446,3.5921774581790977
239,1233.365042153697,1234.9910731863595,76.71442249274479,3.4913207042388197,3.012479014979873,4.181923064742618,3.12840758328427,3.6442078780545524,4.001839865056545,3.4141560496073726,3.5623484464516446,3.5921774581790977
242,1239.242782169789,1233.365042153697,75.80899629077632,3.4564074971964316,2.982354224830074,4.250103834095192,3.2996235074514275,3.7697657992740066,4.291821466405979,3.3800144891112986,3.658724961987128,3.652255683597307
243,1237.3518866100324,1233.365042153697,75.50956855888033,3.4564074971964316,2.982354224830074,4.250103834095192,3.2996235074514275,3.7697657992740066,4.291821466405979,3.3800144891112986,3.658724961987128,3.652255683597307
250,1234.1442192090701,1233.365042153697,73.44642887038849,3.4218434222244674,2.952530682581773,4.27760279575424,3.266627272376913,3.7987348079479335,4.248903251741919,3.3837143442201856,3.6721377123672565,3.640733126761334
251,1233.8176436877482,1233.365042153697,73.15633272496312,3.4218434222244674,2.952530682581773,4.27760279575424,3.266627272376913,3.7987348079479335,4.248903251741919,3.3837143442201856,3.6721377123672565,3.640733126761334
260,1232.9975619451823,1233.365042153697,70.59648959389627,3.4376249880022223,2.9230053757559555,4.301493434463364,3.233960999653144,3.810747459868454,4.306414219224499,3.349877200777984,3.7020830019102506,3.632897224065149
262,1231.786888154703,1232.9975619451823,70.03991183549134,3.4376249880022223,2.9230053757559555,4.301493434463364,3.233960999653144,3.810747459868454,4.306414219224499,3.349877200777984,3.7020830019102506,3.632897224065149
265,1234.1201172398812,1231.786888154703,69.21326191362805,3.4376249880022223,2.9230053757559555,4.301493434463364,3.233960999653144,3.810747459868454,4.306414219224499,3.349877200777984,3.7020830019102506,3.632897224065149
278,1233.8378783719097,1231.786888154703,65.74238661417931,3.5682487381222,2.893775321998396,4.33347850011873,3.3116213896566125,3.9046399852697697,4.263350077032254,3.466378428770204,3.9350621718911483,3.5965682518244972
280,1237.2806668356868,1231.786888154703,65.22407826224288,3.732566250740978,2.864837568778412,4.2901437151175426,3.2785051757600465,3.865593585417072,4.287383242928598,3.431714644482502,3.8957115501722366,3.585602569306252
284,1235.085192630437,1231.786888154703,64.19968826198735,3.732566250740978,2.864837568778412,4.2901437151175426,3.2785051757600465,3.865593585417072,4.287383242928598,3.431714644482502,3.8957115501722366,3.585602569306252
285,1238.833256728232,1231.786888154703,63.94611457040352,3.732566250740978,2.864837568778412,4.2901437151175426,3.2785051757600465,3.865593585417072,4.287383242928598,3.431714644482502,3.8957115501722366,3.585602569306252
287,1257.6483278703681,1231.786888154703,63.44196790091563,3.732566250740978,2.864837568778412,4.2901437151175426,3.2785051757600465,3.865593585417072,4.287383242928598,3.431714644482502,3.8957115501722366,3.585602569306252
289,1257.2781664581726,1231.786888154703,62.941795888309755,3.732566250740978,2.864837568778412,4.2901437151175426,3.2785051757600465,3.865593585417072,4.287383242928598,3.431714644482502,3.8957115501722366,3.585602569306252
295,1250.6785036143183,1231.786888154703,61.464815665934374,3.820240588233568,2.836189193090628,4.247242277966367,3.3623867906691127,3.9269376495629014,4.332009410499313,3.4723974980376773,3.951198879114959,3.5497465436131894
296,1263.3727513948493,1231.786888154703,61.2220440788306,3.820240588233568,2.836189193090628,4.247242277966367,3.3623867906691127,3.9269376495629014,4.332009410499313,3.4723974980376773,3.951198879114959,3.5497465436131894
298,1255.5081956377453,1231.786888154703,60.73937378949501,3.820240588233568,2.836189193090628,4.247242277966367,3.3623867906691127,3.9269376495629014,4.332009410499313,3.4723974980376773,3.951198879114959,3.5497465436131894
299,1251.0742145056888,1231.786888154703,60.499467527435925,3.820240588233568,2.836189193090628,4.247242277966367,3.3623867906691127,3.9269376495629014,4.332009410499313,3.4723974980376773,3.951198879114959,3.5497465436131894
302,1252.6028857377164,1231.786888154703,59.78541922563634,3.848704849017899,2.836189193090628,4.2847698551867035,3.4037629227624215,3.9543349397339393,4.338689316394319,3.554340189723967,3.9991868903238093,3.5809157448437245
303,1244.732191252958,1231.786888154703,59.54928086007192,3.848704849017899,2.836189193090628,4.2847698551867035,3.4037629227624215,3.9543349397339393,4.338689316394319,3.554340189723967,3.9991868903238093,3.5809157448437245
304,1241.5606183777043,1231.786888154703,59.314075185595286,3.848704849017899,2.836189193090628,4.2847698551867035,3.4037629227624215,3.9543349397339393,4.338689316394319,3.554340189723967,3.9991868903238093,3.5809157448437245
305,1237.7403116693542,1231.786888154703,59.07979851829568,3.848704849017899,2.836189193090628,4.2847698551867035,3.4037629227624215,3.9543349397339393,4.338689316394319,3.554340189723967,3.9991868903238093,3.5809157448437245
309,1258.5967518889026,1231.786888154703,58.151908750717496,3.848704849017899,2.836189193090628,4.2847698551867035,3.4037629227624215,3.9543349397339393,4.338689316394319,3.554340189723967,3.9991868903238093,3.5809157448437245
310,1254.88372739977,1231.786888154703,57.92222236790532,3.876884467194387,3.007827301159722,4.291922156634836,3.486391960201464,3.9847915903365996,4.295302423230376,3.6562967878267276,4.075861688087238,3.595106587395287
311,1253.0340473279887,1231.786888154703,57.693443192364285,3.876884467194387,3.007827301159722,4.291922156634836,3.486391960201464,3.9847915903365996,4.295302423230376,3.6562967878267276,4.075861688087238,3.595106587395287
314,1247.3347782136664,1231.786888154703,57.01251314752056,3.876884467194387,3.007827301159722,4.291922156634836,3.486391960201464,3.9847915903365996,4.295302423230376,3.6562967878267276,4.075861688087238,3.595106587395287
316,1244.3993050591346,1231.786888154703,56.56303050396116,3.876884467194387,3.007827301159722,4.291922156634836,3.486391960201464,3.9847915903365996,4.295302423230376,3.6562967878267276,4.075861688087238,3.595106587395287
317,1236.7973241259035,1231.786888154703,56.3396198170817,3.876884467194387,3.007827301159722,4.291922156634836,3.486391960201464,3.9847915903365996,4.295302423230376,3.6562967878267276,4.075861688087238,3.595106587395287
319,1241.3290130578855,1231.786888154703,55.8954422172101,3.876884467194387,3.007827301159722,4.291922156634836,3.486391960201464,3.9847915903365996,4.295302423230376,3.6562967878267276,4.075861688087238,3.595106587395287
320,1239.4887515081507,1231.786888154703,55.674668347282754,3.90478228918911,3.1527490281481243,4.315669601735154,3.6515280405994495,4.0949436744332335,4.332349398998072,3.7697338199484602,4.153853071206366,3.6591555215213343
322,1238.856752617495,1231.786888154703,55.23573317802828,3.90478228918911,3.1527490281481243,4.315669601735154,3.6515280405994495,4.0949436744332335,4.332349398998072,3.7697338199484602,4.153853071206366,3.6591555215213343
323,1234.097720608874,1231.786888154703,55.01756500387556,3.90478228918911,3.1527490281481243,4.315669601735154,3.6515280405994495,4.0949436744332335,4.332349398998072,3.7697338199484602,4.153853071206366,3.6591555215213343
330,1230.390867519475,1231.786888154703,53.51432608872847,3.9324011329638857,3.121221537866643,4.272512905717802,3.715012760193455,4.053994237688901,4.339025905008091,3.865369815082309,4.178981207160969,3.6725639663061207
334,1244.0852681625381,1230.390867519475,52.67384597806599,3.9324011329638857,3.121221537866643,4.272512905717802,3.715012760193455,4.053994237688901,4.339025905008091,3.865369815082309,4.178981207160969,3.6725639663061207
335,1239.9995548954978,1230.390867519475,52.465796656703716,3.9324011329638857,3.121221537866643,4.272512905717802,3.715012760193455,4.053994237688901,4.339025905008091,3.865369815082309,4.178981207160969,3.6725639663061207
336,1237.2145616202058,1230.390867519475,52.25856908130124,3.9324011329638857,3.121221537866643,4.272512905717802,3.715012760193455,4.053994237688901,4.339025905008091,3.865369815082309,4.178981207160969,3.6725639663061207
340,1235.585852727094,1230.390867519475,51.43781151721102,4.003077121634247,3.0900093224879766,4.329787776660623,3.7653626325915206,4.013454295312012,4.2956356459580105,4.002716116931486,4.241477109375073,3.685838326643059
342,1245.9614120792473,1230.390867519475,51.03227942919656,4.003077121634247,3.0900093224879766,4.329787776660623,3.7653626325915206,4.013454295312012,4.2956356459580105,4.002716116931486,4.241477109375073,3.685838326643059
343,1249.7832664943742,1230.390867519475,50.8307139101867,4.003077121634247,3.0900093224879766,4.329787776660623,3.7653626325915206,4.013454295312012,4.2956356459580105,4.002716116931486,4.241477109375073,3.685838326643059
352,1249.2836121478006,1230.390867519475,49.05207562962379,4.063046350417904,3.059109229263097,4.286489898894017,3.8027090062656055,4.043319752358891,4.2826792894984305,4.002716116931486,4.257395671614656,3.6864799433766287
353,1248.725245814913,1230.390867519475,48.858331450578966,4.063046350417904,3.059109229263097,4.286489898894017,3.8027090062656055,4.043319752358891,4.2826792894984305,4.002716116931486,4.257395671614656,3.6864799433766287
358,1260.2868565077663,1230.390867519475,47.90102894357155,4.063046350417904,3.059109229263097,4.286489898894017,3.8027090062656055,4.043319752358891,4.2826792894984305,4.002716116931486,4.257395671614656,3.6864799433766287
360,1247.7549158994332,1230.390867519475,47.52338060060058,4.072415886913725,3.059109229263097,4.2436249999050775,3.881348582869616,4.102886554835302,4.289852496603446,4.000188955762171,4.236250286327081,3.7829484772761957
362,1246.296191113796,1230.390867519475,47.1487096106029,4.072415886913725,3.059109229263097,4.2436249999050775,3.881348582869616,4.102886554835302,4.289852496603446,4.000188955762171,4.236250286327081,3.7829484772761957
365,1245.7196998912548,1230.390867519475,46.59223436535838,4.072415886913725,3.059109229263097,4.2436249999050775,3.881348582869616,4.102886554835302,4.289852496603446,4.000188955762171,4.236250286327081,3.7829484772761957
366,1241.441011580316,1230.390867519475,46.4082059816231,4.072415886913725,3.059109229263097,4.2436249999050775,3.881348582869616,4.102886554835302,4.289852496603446,4.000188955762171,4.236250286327081,3.7829484772761957
373,1232.451123075384,1230.390867519475,45.14019964203276,4.231691728044588,3.1285181369704658,4.301188749906026,3.88253509704092,4.161857689286949,4.332668257351697,3.9601870662045493,4.3138877834638105,3.785118992503434
378,1232.2760388332092,1230.390867519475,44.25574810631374,4.231691728044588,3.1285181369704658,4.301188749906026,3.88253509704092,4.161857689286949,4.332668257351697,3.9601870662045493,4.3138877834638105,3.785118992503434
379,1231.54496575002,1230.390867519475,44.080948294586825,4.231691728044588,3.1285181369704658,4.301188749906026,3.88253509704092,4.161857689286949,4.332668257351697,3.9601870662045493,4.3138877834638105,3.785118992503434
380,1239.8609547001222,1230.390867519475,43.90683890106517,4.189374810764142,3.097232955600761,4.3915101957403,3.943709746070511,4.16023911239408,4.28934157477818,4.020585195542504,4.320748905629173,3.8139344692450665
381,1230.5761270872197,1230.390867519475,43.733417198759,4.189374810764142,3.097232955600761,4.3915101957403,3.943709746070511,4.16023911239408,4.28934157477818,4.020585195542504,4.320748905629173,3.8139344692450665
382,1227.2218728479272,1230.390867519475,43.560680471449515,4.189374810764142,3.097232955600761,4.3915101957403,3.943709746070511,4.16023911239408,4.28934157477818,4.020585195542504,4.320748905629173,3.8139344692450665
387,1232.5219782288918,1227.2218728479272,42.70717714081596,4.189374810764142,3.097232955600761,4.3915101957403,3.943709746070511,4.16023911239408,4.28934157477818,4.020585195542504,4.320748905629173,3.8139344692450665
388,1238.2964662399586,1227.2218728479272,42.5384938207268,4.189374810764142,3.097232955600761,4.3915101957403,3.943709746070511,4.16023911239408,4.28934157477818,4.020585195542504,4.320748905629173,3.8139344692450665
389,1236.5823768846735,1227.2218728479272,42.370476760137365,4.189374810764142,3.097232955600761,4.3915101957403,3.943709746070511,4.16023911239408,4.28934157477818,4.020585195542504,4.320748905629173,3.8139344692450665
396,1235.7620266069403,1227.2218728479272,41.212792854739384,4.374147729323167,3.1329272927114205,4.4975950937828975,3.9042726486098056,4.318636721270139,4.4231148256970645,4.055379343587078,4.48504141657288,3.834128457885949
397,1230.9241188885553,1227.2218728479272,41.0500120016298,4.374147729323167,3.1329272927114205,4.4975950937828975,3.9042726486098056,4.318636721270139,4.4231148256970645,4.055379343587078,4.48504141657288,3.834128457885949
398,1238.3395651371957,1227.2218728479272,40.88787409466154,4.374147729323167,3.1329272927114205,4.4975950937828975,3.9042726486098056,4.318636721270139,4.4231148256970645,4.055379343587078,4.48504141657288,3.834128457885949
402,1257.4879405075571,1227.2218728479272,40.24570128869449,4.330406252029936,3.1015980197843063,4.602619142845069,3.9452299221237075,4.475450354057438,4.428883677440093,4.044825550151208,4.480191002407151,3.865787173307089
403,1250.8385748342857,1227.2218728479272,40.08674022015303,4.330406252029936,3.1015980197843063,4.602619142845069,3.9452299221237075,4.475450354057438,4.428883677440093,4.044825550151208,4.480191002407151,3.865787173307089
404,1246.072882055233,1227.2218728479272,39.92840701050091,4.330406252029936,3.1015980197843063,4.602619142845069,3.9452299221237075,4.475450354057438,4.428883677440093,4.044825550151208,4.480191002407151,3.865787173307089
408,1237.8755890735615,1227.2218728479272,39.301303309575665,4.330406252029936,3.1015980197843063,4.602619142845069,3.9452299221237075,4.475450354057438,4.428883677440093,4.044825550151208,4.480191002407151,3.865787173307089
409,1232.5464100913064,1227.2218728479272,39.14607239126347,4.330406252029936,3.1015980197843063,4.602619142845069,3.9452299221237075,4.475450354057438,4.428883677440093,4.044825550151208,4.480191002407151,3.865787173307089
411,1236.5107886264482,1227.2218728479272,38.83744750995252,4.287102189509636,3.1015980197843063,4.644092951416619,4.025777622902471,4.530695850516863,4.3845948406656925,4.154377294649696,4.55413909238308,3.8271293015740184
413,1235.1456643386023,1227.2218728479272,38.531255805498034,4.287102189509636,3.1015980197843063,4.644092951416619,4.025777622902471,4.530695850516863,4.3845948406656925,4.154377294649696,4.55413909238308,3.8271293015740184
414,1235.817942070912,1227.2218728479272,38.379066393984246,4.287102189509636,3.1015980197843063,4.644092951416619,4.025777622902471,4.530695850516863,4.3845948406656925,4.154377294649696,4.55413909238308,3.8271293015740184
416,1233.9119560127265,1227.2218728479272,38.07648853400685,4.287102189509636,3.1015980197843063,4.644092951416619,4.025777622902471,4.530695850516863,4.3845948406656925,4.154377294649696,4.55413909238308,3.8271293015740184
418,1234.2353644831342,1227.2218728479272,37.77629617659507,4.287102189509636,3.1015980197843063,4.644092951416619,4.025777622902471,4.530695850516863,4.3845948406656925,4.154377294649696,4.55413909238308,3.8271293015740184
419,1251.9727169782946,1227.2218728479272,37.62708867831606,4.287102189509636,3.1015980197843063,4.644092951416619,4.025777622902471,4.530695850516863,4.3845948406656925,4.154377294649696,4.55413909238308,3.8271293015740184
420,1234.2353644831342,1227.2218728479272,37.47847051461445,4.360897834281206,3.2205820395864633,4.747652021902453,4.035519846673446,4.535388892011694,4.524082225592369,4.187833521703199,4.633597701459249,3.872191341891612
423,1233.9119560127265,1227.2218728479272,37.03612879957588,4.360897834281206,3.2205820395864633,4.747652021902453,4.035519846673446,4.535388892011694,4.524082225592369,4.187833521703199,4.633597701459249,3.872191341891612
429,1230.2134251080638,1227.2218728479272,36.16704603861702,4.360897834281206,3.2205820395864633,4.747652021902453,4.035519846673446,4.535388892011694,4.524082225592369,4.187833521703199,4.633597701459249,3.872191341891612
438,1248.2170543280617,1227.2218728479272,34.90151015232537,4.317288855938394,3.2383762191905983,4.8001755016834275,4.095164648206711,4.590035003091577,4.478841403336445,4.212621853152833,4.6539283911113225,3.8834694284726954
442,1247.3250573491923,1227.2218728479272,34.353357400359904,4.274115967379011,3.2059924569986924,4.802173746666593,4.054213001724644,4.544134653060661,4.459052989303081,4.212621853152833,4.607389107200209,3.869634734187968
446,1240.5969704017696,1227.2218728479272,33.813813772703845,4.274115967379011,3.2059924569986924,4.802173746666593,4.054213001724644,4.544134653060661,4.459052989303081,4.212621853152833,4.607389107200209,3.869634734187968
448,1239.2563925519435,1227.2218728479272,33.54722804328593,4.274115967379011,3.2059924569986924,4.802173746666593,4.054213001724644,4.544134653060661,4.459052989303081,4.212621853152833,4.607389107200209,3.869634734187968
453,1233.1749269848465,1227.2218728479272,32.88992263486298,4.231374807705221,3.2059924569986924,4.854152009199927,4.013670871707398,4.498693306530055,4.5144624594100495,4.303828967954638,4.6813152161282074,3.8309383868460887
454,1216.7587344549183,1227.2218728479272,32.760015164527694,4.231374807705221,3.2059924569986924,4.854152009199927,4.013670871707398,4.498693306530055,4.5144624594100495,4.303828967954638,4.6813152161282074,3.8309383868460887
456,1215.9896943758085,1216.7587344549183,32.50173750921549,4.231374807705221,3.2059924569986924,4.854152009199927,4.013670871707398,4.498693306530055,4.5144624594100495,4.303828967954638,4.6813152161282074,3.8309383868460887
459,1217.699576589855,1215.9896943758085,32.11813395992033,4.231374807705221,3.2059924569986924,4.854152009199927,4.013670871707398,4.498693306530055,4.5144624594100495,4.303828967954638,4.6813152161282074,3.8309383868460887
468,1231.885972904822,1215.9896943758085,30.99427521061574,4.189061059628169,3.283932532428705,4.915610489107928,4.148534162990324,4.56942065917904,4.469317834815949,4.360790678275092,4.722002063966926,3.9026290029776276
472,1230.328191986032,1215.9896943758085,30.50748833011332,4.147170449031887,3.251093207104418,4.8664543842168495,4.14454882136042,4.540393119253917,4.469317834815949,4.317182771492341,4.674782043327257,3.893602712947851
476,1228.4997648612857,1215.9896943758085,30.028346779770065,4.147170449031887,3.251093207104418,4.8664543842168495,4.14454882136042,4.540393119253917,4.469317834815949,4.317182771492341,4.674782043327257,3.893602712947851
478,1225.8909648733415,1215.9896943758085,29.791605405865617,4.147170449031887,3.251093207104418,4.8664543842168495,4.14454882136042,4.540393119253917,4.469317834815949,4.317182771492341,4.674782043327257,3.893602712947851
485,1259.4320129180783,1215.9896943758085,28.977612627602007,4.239032077874902,3.218582275033374,4.884456507041348,4.103103333146816,4.5749891880613776,4.424624656467789,4.340677610444084,4.656605651465413,3.9880000191517055
488,1254.0662063163556,1215.9896943758085,28.63560275656368,4.239032077874902,3.218582275033374,4.884456507041348,4.103103333146816,4.5749891880613776,4.424624656467789,4.340677610444084,4.656605651465413,3.9880000191517055
489,1221.9108270530685,1215.9896943758085,28.522498850636943,4.239032077874902,3.218582275033374,4.884456507041348,4.103103333146816,4.5749891880613776,4.424624656467789,4.340677610444084,4.656605651465413,3.9880000191517055
491,1220.6031513453022,1215.9896943758085,28.297629475888783,4.329975090429486,3.18639645228304,4.985611941970935,4.062072299815347,4.629239296180764,4.380378409903111,4.347270834339643,4.68003959495076,3.9881200189601884
497,1216.7812969301756,1215.9896943758085,27.633602679606078,4.329975090429486,3.18639645228304,4.985611941970935,4.062072299815347,4.629239296180764,4.380378409903111,4.347270834339643,4.68003959495076,3.9881200189601884
499,1253.820209494943,1215.9896943758085,27.415741299747932,4.329975090429486,3.18639645228304,4.985611941970935,4.062072299815347,4.629239296180764,4.380378409903111,4.347270834339643,4.68003959495076,3.9881200189601884
506,1237.0433940376477,1215.9896943758085,26.66666399677236,4.324175339525191,3.1545324877602097,5.0357558225512244,4.221451576817194,4.582946903218956,4.42407462580408,4.343798125996246,4.71181062757268,3.9482388187705864
511,1262.3157736805958,1215.9896943758085,26.14417246790268,4.280933586129939,3.1896538295492745,4.985398264325712,4.179237061049022,4.587117434186767,4.379833879546039,4.300360144736284,4.704692521296953,3.9087564305828804
513,1261.4316456272602,1215.9896943758085,25.93805365107138,4.280933586129939,3.1896538295492745,4.985398264325712,4.179237061049022,4.587117434186767,4.379833879546039,4.300360144736284,4.704692521296953,3.9087564305828804
516,1230.205002217065,1215.9896943758085,25.63191834247325,4.280933586129939,3.1896538295492745,4.985398264325712,4.179237061049022,4.587117434186767,4.379833879546039,4.300360144736284,4.704692521296953,3.9087564305828804
521,1233.3263137328279,1215.9896943758085,25.12970103459242,4.23812425026864,3.2244239579204486,5.002210948349122,4.212444690438533,4.741246259844899,4.336035540750578,4.2823565432889215,4.697645596083984,3.939668866277051
531,1232.4223909483974,1215.9896943758085,24.154594101736937,4.195743007765953,3.192179718341244,4.98968883886563,4.170320243534147,4.69383379724645,4.2926751853430725,4.277032977856032,4.680669140123144,3.900272177614281
534,1229.002762497624,1215.9896943758085,23.869508172820588,4.195743007765953,3.192179718341244,4.98968883886563,4.170320243534147,4.69383379724645,4.2926751853430725,4.277032977856032,4.680669140123144,3.900272177614281
537,1223.5432132773492,1215.9896943758085,23.587786986301637,4.195743007765953,3.192179718341244,4.98968883886563,4.170320243534147,4.69383379724645,4.2926751853430725,4.277032977856032,4.680669140123144,3.900272177614281
540,1223.0614672803301,1215.9896943758085,23.30939082962239,4.153785577688294,3.160257921157832,5.089791950476974,4.1286170410988055,4.7802287926073195,4.299748433489642,4.234262648077472,4.733862448721912,3.861269455838138
542,1220.6567967253943,1215.9896943758085,23.125621231836934,4.153785577688294,3.160257921157832,5.089791950476974,4.1286170410988055,4.7802287926073195,4.299748433489642,4.234262648077472,4.733862448721912,3.861269455838138
546,1220.6120664609855,1215.9896943758085,22.762417093568498,4.153785577688294,3.160257921157832,5.089791950476974,4.1286170410988055,4.7802287926073195,4.299748433489642,4.234262648077472,4.733862448721912,3.861269455838138
553,1219.3286244034155,1215.9896943758085,22.14048205926716,4.192247721911411,3.1286553419462537,5.038894030972204,4.187330870687817,4.799093171347913,4.256750949154745,4.325253354930031,4.772238109948979,3.8226567612797564
558,1222.2388514521515,1215.9896943758085,21.70667397879416,4.192247721911411,3.1286553419462537,5.038894030972204,4.187330870687817,4.799093171347913,4.256750949154745,4.325253354930031,4.772238109948979,3.8226567612797564
559,1240.0317543987878,1215.9896943758085,21.620937714307214,4.192247721911411,3.1286553419462537,5.038894030972204,4.187330870687817,4.799093171347913,4.256750949154745,4.325253354930031,4.772238109948979,3.8226567612797564
560,1238.06584930119,1215.9896943758085,21.535540087930155,4.225325244692296,3.0973687885267913,4.988505090662482,4.215457561980939,4.751102239634434,4.289183439663198,4.369500821380731,4.824515728849488,3.784430193666959
564,1235.3330530897572,1215.9896943758085,21.197309291820176,4.225325244692296,3.0973687885267913,4.988505090662482,4.215457561980939,4.751102239634434,4.289183439663198,4.369500821380731,4.824515728849488,3.784430193666959
566,1217.992347292952,1215.9896943758085,21.03019119632103,4.225325244692296,3.0973687885267913,4.988505090662482,4.215457561980939,4.751102239634434,4.289183439663198,4.369500821380731,4.824515728849488,3.784430193666959
570,1218.5402636140896,1215.9896943758085,20.699897259803357,4.183071992245374,3.2663951006415237,4.988505090662482,4.253302986361129,4.836924550571423,4.286291605266566,4.325805813166924,4.8962705715609935,3.746585891730289
573,1218.5298720579042,1215.9896943758085,20.455585580876832,4.183071992245374,3.2663951006415237,4.988505090662482,4.253302986361129,4.836924550571423,4.286291605266566,4.325805813166924,4.8962705715609935,3.746585891730289
576,1218.4853455082136,1215.9896943758085,20.214157404013665,4.183071992245374,3.2663951006415237,4.988505090662482,4.253302986361129,4.836924550571423,4.286291605266566,4.325805813166924,4.8962705715609935,3.746585891730289
591,1217.937429187076,1215.9896943758085,19.04909186580443,4.174078859599691,3.2013938381387574,4.988233839358299,4.168662256932542,4.806669752015051,4.2009944023217605,4.297472277484903,4.86813478718693,3.7116288324848563
600,1217.4505363904134,1215.9896943758085,18.382537308606107,4.232338071003693,3.1693798997573697,4.938351500964716,4.126975634363217,4.758603054494901,4.1589844582985425,4.287830888043387,4.844453439315061,3.6745125441600077
607,1207.9230832947053,1215.9896943758085,17.880273250945734,4.232338071003693,3.1693798997573697,4.938351500964716,4.126975634363217,4.758603054494901,4.1589844582985425,4.287830888043387,4.844453439315061,3.6745125441600077
615,1222.3345883811426,1207.9230832947053,17.323039240244867,4.190014690293656,3.137686100759796,4.954967985955069,4.285705878019585,4.761017023949952,4.183394613715556,4.244952579162953,4.79600890492191,3.726100752051741
617,1219.7961543327226,1207.9230832947053,17.186465617327368,4.190014690293656,3.137686100759796,4.954967985955069,4.285705878019585,4.761017023949952,4.183394613715556,4.244952579162953,4.79600890492191,3.726100752051741
619,1219.671147152571,1207.9230832947053,17.050968731246755,4.190014690293656,3.137686100759796,4.954967985955069,4.285705878019585,4.761017023949952,4.183394613715556,4.244952579162953,4.79600890492191,3.726100752051741
620,1217.8690575752814,1207.9230832947053,16.983621409113066,4.190014690293656,3.106309239752198,4.9429183060955175,4.32284881923939,4.780073520377119,4.181560667578401,4.277503053371324,4.805191673015548,3.7388397445312234
625,1217.7888225633885,1207.9230832947053,16.65085393895387,4.190014690293656,3.106309239752198,4.9429183060955175,4.32284881923939,4.780073520377119,4.181560667578401,4.277503053371324,4.805191673015548,3.7388397445312234
628,1222.103265902097,1207.9230832947053,16.45433131711044,4.190014690293656,3.106309239752198,4.9429183060955175,4.32284881923939,4.780073520377119,4.181560667578401,4.277503053371324,4.805191673015548,3.7388397445312234
629,1222.6837802161197,1207.9230832947053,16.389340572644578,4.190014690293656,3.106309239752198,4.9429183060955175,4.32284881923939,4.780073520377119,4.181560667578401,4.277503053371324,4.805191673015548,3.7388397445312234
630,1232.2485869541931,1207.9230832947053,16.324606526356526,4.348114543390719,3.075246147354676,4.968489123034563,4.349620331046996,4.798939451840014,4.139745060902617,4.384728022837611,4.7821397562853925,3.8389513470859113
632,1231.6680726401705,1207.9230832947053,16.195904476728444,4.348114543390719,3.075246147354676,4.968489123034563,4.349620331046996,4.798939451840014,4.139745060902617,4.384728022837611,4.7821397562853925,3.8389513470859113
635,1237.3839069868798,1207.9230832947053,16.0047514210016,4.348114543390719,3.075246147354676,4.968489123034563,4.349620331046996,4.798939451840014,4.139745060902617,4.384728022837611,4.7821397562853925,3.8389513470859113
640,1222.9724019004425,1207.9230832947053,15.691163375637155,4.392133397956812,3.075246147354676,4.948804231804218,4.306124127736526,4.838450057321614,4.1733476102935905,4.340880742609235,4.784318358722539,3.850561833615052
642,1219.9052106242211,1207.9230832947053,15.567455347254784,4.392133397956812,3.075246147354676,4.948804231804218,4.306124127736526,4.838450057321614,4.1733476102935905,4.340880742609235,4.784318358722539,3.850561833615052
645,1237.2972685141237,1207.9230832947053,15.383719597035045,4.392133397956812,3.075246147354676,4.948804231804218,4.306124127736526,4.838450057321614,4.1733476102935905,4.340880742609235,4.784318358722539,3.850561833615052
647,1237.0836269265014,1207.9230832947053,15.262435433778464,4.392133397956812,3.075246147354676,4.948804231804218,4.306124127736526,4.838450057321614,4.1733476102935905,4.340880742609235,4.784318358722539,3.850561833615052
648,1240.6602156426459,1207.9230832947053,15.202152398139575,4.392133397956812,3.075246147354676,4.948804231804218,4.306124127736526,4.838450057321614,4.1733476102935905,4.340880742609235,4.784318358722539,3.850561833615052
655,1238.44277153153,1207.9230832947053,14.786785649769845,4.531545397310577,3.0444936858811293,4.949316189486175,4.3630628864591605,4.790065556748398,4.281614134190655,4.334971935183142,4.819808508468646,3.9120562152789016
668,1244.163363581573,1207.9230832947053,14.045264622570238,4.486229943337471,3.0444936858811293,4.899823027591313,4.386098924261235,4.742164901180914,4.305464659515415,4.29162221583131,4.77161042338396,3.9062689864594455
670,1243.9852179967,1207.9230832947053,13.934532744189278,4.441367643904096,3.0140487490223182,4.9258247973154,4.342237935018622,4.694743252169104,4.262410012920261,4.298705993672997,4.72389431915012,3.9047062965948514
680,1243.2778132011929,1207.9230832947053,13.39383154498852,4.496953967465054,2.983908261532095,4.876566549342246,4.298815555668436,4.647795819647413,4.2697859127910585,4.255718933736267,4.7016553759586195,3.865659233628903
684,1239.3112568322053,1207.9230832947053,13.183472004994284,4.496953967465054,2.983908261532095,4.876566549342246,4.298815555668436,4.647795819647413,4.2697859127910585,4.255718933736267,4.7016553759586195,3.865659233628903
691,1236.3265160181384,1207.9230832947053,12.82326144036345,4.551984427790403,2.9540691789167743,4.827800883848823,4.455827400111752,4.681317861450939,4.227088053663148,4.213161744398904,4.687972155532367,3.8770026412926137
692,1235.3880403995734,1207.9230832947053,12.772612569167874,4.551984427790403,2.9540691789167743,4.827800883848823,4.455827400111752,4.681317861450939,4.227088053663148,4.213161744398904,4.687972155532367,3.8770026412926137
705,1238.5354233210176,1207.9230832947053,12.132097381037083,4.551984427790403,2.9245284871276067,4.812856208343669,4.611269126110635,4.63450468283643,4.1848171731265165,4.271030126954915,4.681092433977043,3.8782326148796877
718,1236.178081204268,1207.9230832947053,11.523702458357429,4.506464583512499,2.8952832022563304,4.8147276462602315,4.565156434849529,4.588159636008066,4.142969001395251,4.278319825685365,4.684281509637272,3.839450288730891
725,1229.4864240128827,1207.9230832947053,11.208841595635521,4.461399937677374,2.8663303702337672,4.766580369797629,4.619504870501033,4.542278039647985,4.101539311381298,4.302203294095178,4.6874386945409,3.801055785843582
730,1214.4409447959436,1207.9230832947053,10.989221894315905,4.416785938300601,2.8376670665314294,4.718914566099653,4.673309821796022,4.496855259251505,4.060523918267485,4.325847927820893,4.680564307595491,3.7630452279851463
733,1206.555788225501,1207.9230832947053,10.859520996895997,4.416785938300601,2.8376670665314294,4.718914566099653,4.673309821796022,4.496855259251505,4.060523918267485,4.325847927820893,4.680564307595491,3.7630452279851463
734,1198.5950461477112,1206.555788225501,10.816628439275192,4.416785938300601,2.8376670665314294,4.718914566099653,4.673309821796022,4.496855259251505,4.060523918267485,4.325847927820893,4.680564307595491,3.7630452279851463
748,1198.9560669661687,1198.5950461477112,10.233620375758504,4.438618078917594,2.8092903958661153,4.671725420438657,4.803243390244728,4.56188670665899,4.086585345751477,4.282589448542684,4.633758664519536,3.8687481090386284
749,1198.927006913246,1198.5950461477112,10.193199978600829,4.438618078917594,2.8092903958661153,4.671725420438657,4.803243390244728,4.56188670665899,4.086585345751477,4.282589448542684,4.633758664519536,3.8687481090386284
752,1198.3678872695616,1198.5950461477112,10.072894173738614,4.394231898128418,2.781197491907454,4.671725420438657,4.871877623008947,4.5562678395924,4.083219492293962,4.239763554057257,4.609643300096562,3.9800606279482422
755,1197.430834051056,1198.3678872695616,9.954008284772678,4.394231898128418,2.781197491907454,4.671725420438657,4.871877623008947,4.5562678395924,4.083219492293962,4.239763554057257,4.609643300096562,3.9800606279482422
756,1201.4655960577202,1197.430834051056,9.914692289708567,4.394231898128418,2.781197491907454,4.671725420438657,4.871877623008947,4.5562678395924,4.083219492293962,4.239763554057257,4.609643300096562,3.9800606279482422
762,1201.2567385964946,1197.430834051056,9.682036004387081,4.570289579147134,2.7533855169883794,4.70000816623427,4.823158846778858,4.510705161196476,4.174387297371021,4.272365918516685,4.588546867095597,4.10526002166876
772,1204.0102255541185,1197.430834051056,9.306344291260922,4.524586683355662,2.7258516618184956,4.70000816623427,4.824927258311069,4.465598109584511,4.232643424397311,4.229642259331518,4.575994731757974,4.064207421452072
773,1199.9589198482438,1197.430834051056,9.269586416869773,4.524586683355662,2.7258516618184956,4.70000816623427,4.824927258311069,4.465598109584511,4.232643424397311,4.229642259331518,4.575994731757974,4.064207421452072
777,1198.7008949391447,1197.430834051056,9.124001045869708,4.524586683355662,2.7258516618184956,4.70000816623427,4.824927258311069,4.465598109584511,4.232643424397311,4.229642259331518,4.575994731757974,4.064207421452072
785,1196.7680228496674,1197.430834051056,8.839653954241232,4.654340816522105,2.6985931452003107,4.719674751238594,4.776677985727958,4.460942128488666,4.340316990153338,4.237345836738203,4.580234784440394,4.090232013904218
789,1204.0215198500443,1196.7680228496674,8.70082097480017,4.654340816522105,2.6985931452003107,4.719674751238594,4.776677985727958,4.460942128488666,4.340316990153338,4.237345836738203,4.580234784440394,4.090232013904218
790,1204.602034164067,1196.7680228496674,8.666454775304208,4.727797408356884,2.6716072137483073,4.672478003726209,4.776677985727958,4.58133270720378,4.296913820251804,4.244972378370821,4.555861008024562,4.159329693765176
801,1204.0215198500443,1196.7680228496674,8.297268408336356,4.727797408356884,2.6448911416108243,4.625753223688946,4.803911205870679,4.565519380131742,4.253944682049286,4.202522654587113,4.510302397944316,4.147736396827524
808,1204.0031738420705,1196.7680228496674,8.070563050511938,4.727797408356884,2.6448911416108243,4.625753223688946,4.803911205870679,4.565519380131742,4.253944682049286,4.202522654587113,4.510302397944316,4.147736396827524
824,1198.130643568013,1196.7680228496674,7.575367563384144,4.699714239930582,2.5922578078927687,4.533700734537535,4.807313372873852,4.474665544467121,4.248491182876505,4.118892453760829,4.519547380225223,4.065196442530656
832,1194.781613238631,1196.7680228496674,7.339283226716944,4.702717097531276,2.566335229813841,4.4883637271921595,4.759240239145114,4.42991888902245,4.246006271047739,4.07770352922322,4.499351906422971,4.02454447810535
861,1193.8407725869279,1194.781613238631,6.543493443935394,4.5630416970175,2.49011250715314,4.355054836130824,4.725697044802264,4.298345868099593,4.11989563879135,4.064402656701762,4.365716655450302,3.958916982561142
882,1194.8049578943644,1193.8407725869279,6.021653449404535,4.472237167246852,2.440559268260792,4.268389244891821,4.696995673610699,4.376158785324412,4.037909715579402,3.983521043833397,4.2788388940068405,3.9618095346081748
883,1197.1371992026861,1193.8407725869279,5.997869332441648,4.472237167246852,2.440559268260792,4.268389244891821,4.696995673610699,4.376158785324412,4.037909715579402,3.983521043833397,4.2788388940068405,3.9618095346081748
884,1200.806046146888,1193.8407725869279,5.974179157155156,4.472237167246852,2.440559268260792,4.268389244891821,4.696995673610699,4.376158785324412,4.037909715579402,3.983521043833397,4.2788388940068405,3.9618095346081748
891,1207.4883494157293,1193.8407725869279,5.810947313025674,4.502514795574383,2.416153675578184,4.285705352442902,4.650025716874592,4.407397197471168,3.9975306184236077,3.993685833395063,4.296050505066772,3.952191439262093
904,1206.221072172124,1193.8407725869279,5.519542559983576,4.457489647618639,2.391992138822402,4.317848298918473,4.603525459705846,4.3633232254964565,3.9575553122393714,4.003748975061113,4.253090000016104,3.942669524869472
905,1203.069428105094,1193.8407725869279,5.497741663115082,4.457489647618639,2.391992138822402,4.317848298918473,4.603525459705846,4.3633232254964565,3.9575553122393714,4.003748975061113,4.253090000016104,3.942669524869472
908,1199.778861387436,1193.8407725869279,5.432854263957396,4.457489647618639,2.391992138822402,4.317848298918473,4.603525459705846,4.3633232254964565,3.9575553122393714,4.003748975061113,4.253090000016104,3.942669524869472
917,1197.9442127271677,1193.8407725869279,5.242751040467995,4.532914751142453,2.368072217434178,4.274669815929288,4.557490205108787,4.419689993241492,3.9846464257836445,3.9637114853105015,4.296273385730228,3.903242829620777
920,1199.211489970773,1193.8407725869279,5.180873182195828,4.487585603631029,2.344391495259836,4.298589784436661,4.511915303057699,4.3754930933090765,3.944799961525808,3.974074370457396,4.253310651872926,3.914210401324569
926,1198.6054981350326,1193.8407725869279,5.059299796550512,4.487585603631029,2.344391495259836,4.298589784436661,4.511915303057699,4.3754930933090765,3.944799961525808,3.974074370457396,4.253310651872926,3.914210401324569
931,1195.2573228455349,1193.8407725869279,4.960170738411493,4.472709747594719,2.3209475803072377,4.2556038865922945,4.5667961500271215,4.331738162375986,3.9720186285772168,3.984333626752822,4.232206116782768,3.94173496397799
933,1190.2499210441085,1193.8407725869279,4.921065101193952,4.472709747594719,2.3209475803072377,4.2556038865922945,4.5667961500271215,4.331738162375986,3.9720186285772168,3.984333626752822,4.232206116782768,3.94173496397799
937,1189.4827151004927,1190.2499210441085,4.843776314375055,4.472709747594719,2.3209475803072377,4.2556038865922945,4.5667961500271215,4.331738162375986,3.9720186285772168,3.984333626752822,4.232206116782768,3.94173496397799
959,1194.9694820245268,1189.4827151004927,4.439881793741768,4.3837028236175835,2.2747607234591234,4.345817369249108,4.6392669066415815,4.245536572944704,4.10582545786853,3.9050453875804405,4.256885215058791,3.9382515810519707
961,1193.4758785990352,1189.4827151004927,4.404878077968381,4.3398657953814075,2.2747607234591234,4.352359195556617,4.592874237575166,4.203081207215257,4.064767203289844,3.895994933704636,4.2443163629082035,3.898869065241451
964,1187.9891116750011,1189.4827151004927,4.352889261541505,4.3398657953814075,2.2747607234591234,4.352359195556617,4.592874237575166,4.203081207215257,4.064767203289844,3.895994933704636,4.2443163629082035,3.898869065241451
973,1186.7218344313958,1187.9891116750011,4.20057553474025,4.296467137427594,2.252013116224532,4.308835603601051,4.811945495199414,4.161050395143104,4.2007861979236125,3.8570349843675893,4.23044462785055,3.969880374589036
982,1182.8515697580845,1186.7218344313958,4.053591479790989,4.418502466053318,2.229492985062287,4.265747247565041,4.7638260402474195,4.201939891191673,4.158778335944376,3.8184646345239135,4.188140181572044,4.040181570843146
1017,1174.1858459570774,1182.8515697580845,3.5292583883929685,4.330574266978857,2.1632748139129516,4.246861288565111,4.62233564302603,4.157996324483388,4.0352584605884925,3.7050524164139187,4.063748230039173,4.001042388007533
1047,1172.6492776813532,1174.1858459570774,3.1341568116054073,4.201951880675318,2.141642065773822,4.444158261433439,4.485047652092513,4.034499675649908,4.0232182490505535,3.595008654594009,3.9430508438587792,3.9468940280413203
1065,1172.1340664187642,1172.6492776813532,2.918657145749085,4.1183330382498795,2.1202256451160837,4.4101695120309135,4.395795203815872,4.035888132104475,3.9431562058944474,3.5234679823675883,3.9734841320659897,3.8683508368832977
1079,1170.490357588511,1172.1340664187642,2.761343740729662,4.077149707867381,2.0990233886649228,4.421067816910604,4.351837251777714,3.99552925078343,3.9862246438355027,3.4882333025439123,3.9337492907453298,3.884667328514465
1080,1170.1033514090223,1170.490357588511,2.7504370814447867,4.036378210788707,2.0780331547782733,4.4428571387414975,4.351837251777714,3.9555739582755955,4.056362397397148,3.453350969518473,3.8944117978378765,3.9008206552293205
1117,1171.1680398452727,1170.1033514090223,2.3757879548158507,3.916493741550072,2.0572528232304905,4.310899838863737,4.384299833562664,3.838089456140852,4.016742627832055,3.384629285225055,3.778743873030294,3.8311670952340684
